<annotation>
	<folder>my-project-name</folder>
	<filename>2202897-VEDA-F4-B8.png</filename>
	<path>/my-project-name/2202897-VEDA-F4-B8.png</path>
	<source>
		<database>Unspecified</database>
	</source>
	<size>
		<width>1536</width>
		<height>1536</height>
		<depth>3</depth>
	</size>
	<object>
		<name>Crack</name>
		<pose>Unspecified</pose>
		<truncated>0</truncated>
		<difficult>0</difficult>
		<bndbox>
			<xmin>1378</xmin>
			<ymin>1267</ymin>
			<xmax>1439</xmax>
			<ymax>1333</ymax>
		</bndbox>
	</object>
	<object>
		<name>Crack</name>
		<pose>Unspecified</pose>
		<truncated>0</truncated>
		<difficult>0</difficult>
		<bndbox>
			<xmin>1353</xmin>
			<ymin>1178</ymin>
			<xmax>1416</xmax>
			<ymax>1247</ymax>
		</bndbox>
	</object>
</annotation>