<annotation>
	<folder>my-project-name</folder>
	<filename>ASCOS-NEO.png</filename>
	<path>/my-project-name/ASCOS-NEO.png</path>
	<source>
		<database>Unspecified</database>
	</source>
	<size>
		<width>1536</width>
		<height>1536</height>
		<depth>3</depth>
	</size>
	<object>
		<name>Crack</name>
		<pose>Unspecified</pose>
		<truncated>0</truncated>
		<difficult>0</difficult>
		<bndbox>
			<xmin>940</xmin>
			<ymin>800</ymin>
			<xmax>1037</xmax>
			<ymax>1373</ymax>
		</bndbox>
	</object>
	<object>
		<name>Crack</name>
		<pose>Unspecified</pose>
		<truncated>0</truncated>
		<difficult>0</difficult>
		<bndbox>
			<xmin>49</xmin>
			<ymin>1476</ymin>
			<xmax>198</xmax>
			<ymax>1530</ymax>
		</bndbox>
	</object>
	<object>
		<name>Crack</name>
		<pose>Unspecified</pose>
		<truncated>0</truncated>
		<difficult>0</difficult>
		<bndbox>
			<xmin>622</xmin>
			<ymin>1470</ymin>
			<xmax>742</xmax>
			<ymax>1527</ymax>
		</bndbox>
	</object>
	<object>
		<name>Crack</name>
		<pose>Unspecified</pose>
		<truncated>0</truncated>
		<difficult>0</difficult>
		<bndbox>
			<xmin>229</xmin>
			<ymin>1487</ymin>
			<xmax>387</xmax>
			<ymax>1536</ymax>
		</bndbox>
	</object>
	<object>
		<name>Crack</name>
		<pose>Unspecified</pose>
		<truncated>0</truncated>
		<difficult>0</difficult>
		<bndbox>
			<xmin>1355</xmin>
			<ymin>83</ymin>
			<xmax>1404</xmax>
			<ymax>178</ymax>
		</bndbox>
	</object>
</annotation>