<annotation>
	<folder>my-project-name</folder>
	<filename>B_140-164.png</filename>
	<path>/my-project-name/B_140-164.png</path>
	<source>
		<database>Unspecified</database>
	</source>
	<size>
		<width>1536</width>
		<height>1536</height>
		<depth>3</depth>
	</size>
	<object>
		<name>Crack</name>
		<pose>Unspecified</pose>
		<truncated>0</truncated>
		<difficult>0</difficult>
		<bndbox>
			<xmin>378</xmin>
			<ymin>1387</ymin>
			<xmax>444</xmax>
			<ymax>1519</ymax>
		</bndbox>
	</object>
	<object>
		<name>Crack</name>
		<pose>Unspecified</pose>
		<truncated>0</truncated>
		<difficult>0</difficult>
		<bndbox>
			<xmin>335</xmin>
			<ymin>1361</ymin>
			<xmax>370</xmax>
			<ymax>1419</ymax>
		</bndbox>
	</object>
</annotation>