<annotation>
	<folder>my-project-name</folder>
	<filename>B_2202897-VEDA-F4-B8.png</filename>
	<path>/my-project-name/B_2202897-VEDA-F4-B8.png</path>
	<source>
		<database>Unspecified</database>
	</source>
	<size>
		<width>1536</width>
		<height>1536</height>
		<depth>3</depth>
	</size>
	<object>
		<name>Crack</name>
		<pose>Unspecified</pose>
		<truncated>0</truncated>
		<difficult>0</difficult>
		<bndbox>
			<xmin>1344</xmin>
			<ymin>1192</ymin>
			<xmax>1444</xmax>
			<ymax>1244</ymax>
		</bndbox>
	</object>
	<object>
		<name>Crack</name>
		<pose>Unspecified</pose>
		<truncated>0</truncated>
		<difficult>0</difficult>
		<bndbox>
			<xmin>1378</xmin>
			<ymin>1278</ymin>
			<xmax>1456</xmax>
			<ymax>1315</ymax>
		</bndbox>
	</object>
</annotation>