<annotation>
	<folder>my-project-name</folder>
	<filename>B_2206915-B1.png</filename>
	<path>/my-project-name/B_2206915-B1.png</path>
	<source>
		<database>Unspecified</database>
	</source>
	<size>
		<width>1536</width>
		<height>1536</height>
		<depth>3</depth>
	</size>
	<object>
		<name>Crack</name>
		<pose>Unspecified</pose>
		<truncated>0</truncated>
		<difficult>0</difficult>
		<bndbox>
			<xmin>453</xmin>
			<ymin>487</ymin>
			<xmax>671</xmax>
			<ymax>768</ymax>
		</bndbox>
	</object>
	<object>
		<name>Crack</name>
		<pose>Unspecified</pose>
		<truncated>0</truncated>
		<difficult>0</difficult>
		<bndbox>
			<xmin>610</xmin>
			<ymin>289</ymin>
			<xmax>659</xmax>
			<ymax>404</ymax>
		</bndbox>
	</object>
	<object>
		<name>Crack</name>
		<pose>Unspecified</pose>
		<truncated>0</truncated>
		<difficult>0</difficult>
		<bndbox>
			<xmin>510</xmin>
			<ymin>848</ymin>
			<xmax>676</xmax>
			<ymax>1143</ymax>
		</bndbox>
	</object>
</annotation>