<annotation>
	<folder>my-project-name</folder>
	<filename>B_A212S2-5G.png</filename>
	<path>/my-project-name/B_A212S2-5G.png</path>
	<source>
		<database>Unspecified</database>
	</source>
	<size>
		<width>1536</width>
		<height>1536</height>
		<depth>3</depth>
	</size>
	<object>
		<name>Crack</name>
		<pose>Unspecified</pose>
		<truncated>0</truncated>
		<difficult>0</difficult>
		<bndbox>
			<xmin>788</xmin>
			<ymin>1155</ymin>
			<xmax>1163</xmax>
			<ymax>1479</ymax>
		</bndbox>
	</object>
</annotation>