<annotation>
	<folder>my-project-name</folder>
	<filename>B_ASCOS-NEO.png</filename>
	<path>/my-project-name/B_ASCOS-NEO.png</path>
	<source>
		<database>Unspecified</database>
	</source>
	<size>
		<width>1536</width>
		<height>1536</height>
		<depth>3</depth>
	</size>
	<object>
		<name>Crack</name>
		<pose>Unspecified</pose>
		<truncated>0</truncated>
		<difficult>0</difficult>
		<bndbox>
			<xmin>951</xmin>
			<ymin>817</ymin>
			<xmax>1037</xmax>
			<ymax>1347</ymax>
		</bndbox>
	</object>
	<object>
		<name>Crack</name>
		<pose>Unspecified</pose>
		<truncated>0</truncated>
		<difficult>0</difficult>
		<bndbox>
			<xmin>40</xmin>
			<ymin>1482</ymin>
			<xmax>229</xmax>
			<ymax>1527</ymax>
		</bndbox>
	</object>
	<object>
		<name>Crack</name>
		<pose>Unspecified</pose>
		<truncated>0</truncated>
		<difficult>0</difficult>
		<bndbox>
			<xmin>267</xmin>
			<ymin>1484</ymin>
			<xmax>427</xmax>
			<ymax>1525</ymax>
		</bndbox>
	</object>
	<object>
		<name>Crack</name>
		<pose>Unspecified</pose>
		<truncated>0</truncated>
		<difficult>0</difficult>
		<bndbox>
			<xmin>633</xmin>
			<ymin>1490</ymin>
			<xmax>728</xmax>
			<ymax>1522</ymax>
		</bndbox>
	</object>
</annotation>