<annotation>
	<folder>my-project-name</folder>
	<filename>B_V2C02-NEK.png</filename>
	<path>/my-project-name/B_V2C02-NEK.png</path>
	<source>
		<database>Unspecified</database>
	</source>
	<size>
		<width>1536</width>
		<height>1536</height>
		<depth>3</depth>
	</size>
	<object>
		<name>Crack</name>
		<pose>Unspecified</pose>
		<truncated>0</truncated>
		<difficult>0</difficult>
		<bndbox>
			<xmin>616</xmin>
			<ymin>0</ymin>
			<xmax>739</xmax>
			<ymax>241</ymax>
		</bndbox>
	</object>
	<object>
		<name>Crack</name>
		<pose>Unspecified</pose>
		<truncated>0</truncated>
		<difficult>0</difficult>
		<bndbox>
			<xmin>459</xmin>
			<ymin>224</ymin>
			<xmax>602</xmax>
			<ymax>1166</ymax>
		</bndbox>
	</object>
</annotation>