<annotation>
	<folder>my-project-name</folder>
	<filename>B_V2C02-NEU.png</filename>
	<path>/my-project-name/B_V2C02-NEU.png</path>
	<source>
		<database>Unspecified</database>
	</source>
	<size>
		<width>1536</width>
		<height>1536</height>
		<depth>3</depth>
	</size>
	<object>
		<name>Crack</name>
		<pose>Unspecified</pose>
		<truncated>0</truncated>
		<difficult>0</difficult>
		<bndbox>
			<xmin>682</xmin>
			<ymin>1201</ymin>
			<xmax>845</xmax>
			<ymax>1536</ymax>
		</bndbox>
	</object>
	<object>
		<name>Crack</name>
		<pose>Unspecified</pose>
		<truncated>0</truncated>
		<difficult>0</difficult>
		<bndbox>
			<xmin>888</xmin>
			<ymin>358</ymin>
			<xmax>1017</xmax>
			<ymax>1453</ymax>
		</bndbox>
	</object>
</annotation>