<annotation>
	<folder>my-project-name</folder>
	<filename>HS_2206915-B1.png</filename>
	<path>/my-project-name/HS_2206915-B1.png</path>
	<source>
		<database>Unspecified</database>
	</source>
	<size>
		<width>1536</width>
		<height>1536</height>
		<depth>3</depth>
	</size>
	<object>
		<name>Crack</name>
		<pose>Unspecified</pose>
		<truncated>0</truncated>
		<difficult>0</difficult>
		<bndbox>
			<xmin>636</xmin>
			<ymin>464</ymin>
			<xmax>914</xmax>
			<ymax>817</ymax>
		</bndbox>
	</object>
	<object>
		<name>Crack</name>
		<pose>Unspecified</pose>
		<truncated>0</truncated>
		<difficult>0</difficult>
		<bndbox>
			<xmin>837</xmin>
			<ymin>287</ymin>
			<xmax>911</xmax>
			<ymax>424</ymax>
		</bndbox>
	</object>
	<object>
		<name>Crack</name>
		<pose>Unspecified</pose>
		<truncated>0</truncated>
		<difficult>0</difficult>
		<bndbox>
			<xmin>779</xmin>
			<ymin>911</ymin>
			<xmax>926</xmax>
			<ymax>1141</ymax>
		</bndbox>
	</object>
</annotation>