<annotation>
	<folder>my-project-name</folder>
	<filename>HS_ASCOS-NEO.png</filename>
	<path>/my-project-name/HS_ASCOS-NEO.png</path>
	<source>
		<database>Unspecified</database>
	</source>
	<size>
		<width>1536</width>
		<height>1536</height>
		<depth>3</depth>
	</size>
	<object>
		<name>Crack</name>
		<pose>Unspecified</pose>
		<truncated>0</truncated>
		<difficult>0</difficult>
		<bndbox>
			<xmin>295</xmin>
			<ymin>802</ymin>
			<xmax>453</xmax>
			<ymax>1344</ymax>
		</bndbox>
	</object>
</annotation>