<annotation>
	<folder>my-project-name</folder>
	<filename>ROT_V2C02-NEK.png</filename>
	<path>/my-project-name/ROT_V2C02-NEK.png</path>
	<source>
		<database>Unspecified</database>
	</source>
	<size>
		<width>1536</width>
		<height>1536</height>
		<depth>3</depth>
	</size>
	<object>
		<name>Crack</name>
		<pose>Unspecified</pose>
		<truncated>0</truncated>
		<difficult>0</difficult>
		<bndbox>
			<xmin>355</xmin>
			<ymin>158</ymin>
			<xmax>648</xmax>
			<ymax>1212</ymax>
		</bndbox>
	</object>
</annotation>