<annotation>
	<folder>my-project-name</folder>
	<filename>ROT_2202897-VEDA-F4-B8.png</filename>
	<path>/my-project-name/ROT_2202897-VEDA-F4-B8.png</path>
	<source>
		<database>Unspecified</database>
	</source>
	<size>
		<width>1536</width>
		<height>1536</height>
		<depth>3</depth>
	</size>
	<object>
		<name>Crack</name>
		<pose>Unspecified</pose>
		<truncated>0</truncated>
		<difficult>0</difficult>
		<bndbox>
			<xmin>1255</xmin>
			<ymin>1232</ymin>
			<xmax>1353</xmax>
			<ymax>1315</ymax>
		</bndbox>
	</object>
	<object>
		<name>Crack</name>
		<pose>Unspecified</pose>
		<truncated>0</truncated>
		<difficult>0</difficult>
		<bndbox>
			<xmin>1301</xmin>
			<ymin>1350</ymin>
			<xmax>1390</xmax>
			<ymax>1398</ymax>
		</bndbox>
	</object>
	<object>
		<name>Crack</name>
		<pose>Unspecified</pose>
		<truncated>0</truncated>
		<difficult>0</difficult>
		<bndbox>
			<xmin>1407</xmin>
			<ymin>447</ymin>
			<xmax>1490</xmax>
			<ymax>501</ymax>
		</bndbox>
	</object>
</annotation>