<annotation>
	<folder>my-project-name</folder>
	<filename>V2C02-NEK.png</filename>
	<path>/my-project-name/V2C02-NEK.png</path>
	<source>
		<database>Unspecified</database>
	</source>
	<size>
		<width>1536</width>
		<height>1536</height>
		<depth>3</depth>
	</size>
	<object>
		<name>Crack</name>
		<pose>Unspecified</pose>
		<truncated>0</truncated>
		<difficult>0</difficult>
		<bndbox>
			<xmin>470</xmin>
			<ymin>103</ymin>
			<xmax>602</xmax>
			<ymax>1224</ymax>
		</bndbox>
	</object>
	<object>
		<name>Crack</name>
		<pose>Unspecified</pose>
		<truncated>0</truncated>
		<difficult>0</difficult>
		<bndbox>
			<xmin>662</xmin>
			<ymin>0</ymin>
			<xmax>757</xmax>
			<ymax>307</ymax>
		</bndbox>
	</object>
</annotation>