<annotation>
	<folder>my-project-name</folder>
	<filename>V2C02-NEU.png</filename>
	<path>/my-project-name/V2C02-NEU.png</path>
	<source>
		<database>Unspecified</database>
	</source>
	<size>
		<width>1536</width>
		<height>1536</height>
		<depth>3</depth>
	</size>
	<object>
		<name>Crack</name>
		<pose>Unspecified</pose>
		<truncated>0</truncated>
		<difficult>0</difficult>
		<bndbox>
			<xmin>699</xmin>
			<ymin>1209</ymin>
			<xmax>811</xmax>
			<ymax>1530</ymax>
		</bndbox>
	</object>
	<object>
		<name>Crack</name>
		<pose>Unspecified</pose>
		<truncated>0</truncated>
		<difficult>0</difficult>
		<bndbox>
			<xmin>914</xmin>
			<ymin>304</ymin>
			<xmax>1017</xmax>
			<ymax>1525</ymax>
		</bndbox>
	</object>
</annotation>