<annotation>
	<folder>my-project-name</folder>
	<filename>VS_2202897-VEDA-F4-B8.png</filename>
	<path>/my-project-name/VS_2202897-VEDA-F4-B8.png</path>
	<source>
		<database>Unspecified</database>
	</source>
	<size>
		<width>1536</width>
		<height>1536</height>
		<depth>3</depth>
	</size>
	<object>
		<name>Crack</name>
		<pose>Unspecified</pose>
		<truncated>0</truncated>
		<difficult>0</difficult>
		<bndbox>
			<xmin>1350</xmin>
			<ymin>659</ymin>
			<xmax>1453</xmax>
			<ymax>794</ymax>
		</bndbox>
	</object>
	<object>
		<name>Crack</name>
		<pose>Unspecified</pose>
		<truncated>0</truncated>
		<difficult>0</difficult>
		<bndbox>
			<xmin>1364</xmin>
			<ymin>883</ymin>
			<xmax>1444</xmax>
			<ymax>971</ymax>
		</bndbox>
	</object>
</annotation>