<annotation>
	<folder>my-project-name</folder>
	<filename>VS_2206915-B1.png</filename>
	<path>/my-project-name/VS_2206915-B1.png</path>
	<source>
		<database>Unspecified</database>
	</source>
	<size>
		<width>1536</width>
		<height>1536</height>
		<depth>3</depth>
	</size>
	<object>
		<name>Crack</name>
		<pose>Unspecified</pose>
		<truncated>0</truncated>
		<difficult>0</difficult>
		<bndbox>
			<xmin>473</xmin>
			<ymin>745</ymin>
			<xmax>682</xmax>
			<ymax>1057</ymax>
		</bndbox>
	</object>
	<object>
		<name>Crack</name>
		<pose>Unspecified</pose>
		<truncated>0</truncated>
		<difficult>0</difficult>
		<bndbox>
			<xmin>579</xmin>
			<ymin>364</ymin>
			<xmax>671</xmax>
			<ymax>507</ymax>
		</bndbox>
	</object>
	<object>
		<name>Crack</name>
		<pose>Unspecified</pose>
		<truncated>0</truncated>
		<difficult>0</difficult>
		<bndbox>
			<xmin>565</xmin>
			<ymin>1189</ymin>
			<xmax>682</xmax>
			<ymax>1493</ymax>
		</bndbox>
	</object>
</annotation>