<annotation>
	<folder>my-project-name</folder>
	<filename>VS_A12S2-7G.png</filename>
	<path>/my-project-name/VS_A12S2-7G.png</path>
	<source>
		<database>Unspecified</database>
	</source>
	<size>
		<width>1536</width>
		<height>1536</height>
		<depth>3</depth>
	</size>
	<object>
		<name>Crack</name>
		<pose>Unspecified</pose>
		<truncated>0</truncated>
		<difficult>0</difficult>
		<bndbox>
			<xmin>29</xmin>
			<ymin>1026</ymin>
			<xmax>963</xmax>
			<ymax>1267</ymax>
		</bndbox>
	</object>
</annotation>