<annotation>
	<folder>my-project-name</folder>
	<filename>VS_R-K4-B1-13-24R.png</filename>
	<path>/my-project-name/VS_R-K4-B1-13-24R.png</path>
	<source>
		<database>Unspecified</database>
	</source>
	<size>
		<width>1536</width>
		<height>1536</height>
		<depth>3</depth>
	</size>
	<object>
		<name>Crack</name>
		<pose>Unspecified</pose>
		<truncated>0</truncated>
		<difficult>0</difficult>
		<bndbox>
			<xmin>1315</xmin>
			<ymin>6</ymin>
			<xmax>1479</xmax>
			<ymax>275</ymax>
		</bndbox>
	</object>
</annotation>