<annotation>
	<folder>my-project-name</folder>
	<filename>VS_VSCOS-V01.png</filename>
	<path>/my-project-name/VS_VSCOS-V01.png</path>
	<source>
		<database>Unspecified</database>
	</source>
	<size>
		<width>1536</width>
		<height>1536</height>
		<depth>3</depth>
	</size>
	<object>
		<name>Crack</name>
		<pose>Unspecified</pose>
		<truncated>0</truncated>
		<difficult>0</difficult>
		<bndbox>
			<xmin>226</xmin>
			<ymin>66</ymin>
			<xmax>530</xmax>
			<ymax>1493</ymax>
		</bndbox>
	</object>
</annotation>