<annotation>
	<folder>my-project-name</folder>
	<filename>Z_2206915-B1.png</filename>
	<path>/my-project-name/Z_2206915-B1.png</path>
	<source>
		<database>Unspecified</database>
	</source>
	<size>
		<width>1536</width>
		<height>1536</height>
		<depth>3</depth>
	</size>
	<object>
		<name>Crack</name>
		<pose>Unspecified</pose>
		<truncated>0</truncated>
		<difficult>0</difficult>
		<bndbox>
			<xmin>309</xmin>
			<ymin>496</ymin>
			<xmax>553</xmax>
			<ymax>840</ymax>
		</bndbox>
	</object>
	<object>
		<name>Crack</name>
		<pose>Unspecified</pose>
		<truncated>0</truncated>
		<difficult>0</difficult>
		<bndbox>
			<xmin>467</xmin>
			<ymin>181</ymin>
			<xmax>547</xmax>
			<ymax>344</ymax>
		</bndbox>
	</object>
	<object>
		<name>Crack</name>
		<pose>Unspecified</pose>
		<truncated>0</truncated>
		<difficult>0</difficult>
		<bndbox>
			<xmin>384</xmin>
			<ymin>897</ymin>
			<xmax>559</xmax>
			<ymax>1218</ymax>
		</bndbox>
	</object>
</annotation>