<annotation>
	<folder>my-project-name</folder>
	<filename>Z_V2C02-NEU.png</filename>
	<path>/my-project-name/Z_V2C02-NEU.png</path>
	<source>
		<database>Unspecified</database>
	</source>
	<size>
		<width>1536</width>
		<height>1536</height>
		<depth>3</depth>
	</size>
	<object>
		<name>Crack</name>
		<pose>Unspecified</pose>
		<truncated>0</truncated>
		<difficult>0</difficult>
		<bndbox>
			<xmin>768</xmin>
			<ymin>1215</ymin>
			<xmax>851</xmax>
			<ymax>1536</ymax>
		</bndbox>
	</object>
	<object>
		<name>Crack</name>
		<pose>Unspecified</pose>
		<truncated>0</truncated>
		<difficult>0</difficult>
		<bndbox>
			<xmin>926</xmin>
			<ymin>292</ymin>
			<xmax>1069</xmax>
			<ymax>1522</ymax>
		</bndbox>
	</object>
</annotation>