<annotation>
	<folder>my-project-name</folder>
	<filename>2206915-B1.png</filename>
	<path>/my-project-name/2206915-B1.png</path>
	<source>
		<database>Unspecified</database>
	</source>
	<size>
		<width>6100</width>
		<height>8100</height>
		<depth>3</depth>
	</size>
	<object>
		<name>Crack</name>
		<pose>Unspecified</pose>
		<truncated>0</truncated>
		<difficult>0</difficult>
		<bndbox>
			<xmin>1917</xmin>
			<ymin>2826</ymin>
			<xmax>2702</xmax>
			<ymax>4413</ymax>
		</bndbox>
	</object>
	<object>
		<name>Crack</name>
		<pose>Unspecified</pose>
		<truncated>0</truncated>
		<difficult>0</difficult>
		<bndbox>
			<xmin>2385</xmin>
			<ymin>1587</ymin>
			<xmax>2672</xmax>
			<ymax>2176</ymax>
		</bndbox>
	</object>
	<object>
		<name>Crack</name>
		<pose>Unspecified</pose>
		<truncated>0</truncated>
		<difficult>0</difficult>
		<bndbox>
			<xmin>2461</xmin>
			<ymin>5047</ymin>
			<xmax>2702</xmax>
			<ymax>5501</ymax>
		</bndbox>
	</object>
</annotation>