<annotation>
	<folder>my-project-name</folder>
	<filename>A212S2-5G.png</filename>
	<path>/my-project-name/A212S2-5G.png</path>
	<source>
		<database>Unspecified</database>
	</source>
	<size>
		<width>6100</width>
		<height>8100</height>
		<depth>3</depth>
	</size>
	<object>
		<name>Crack</name>
		<pose>Unspecified</pose>
		<truncated>0</truncated>
		<difficult>0</difficult>
		<bndbox>
			<xmin>3549</xmin>
			<ymin>6438</ymin>
			<xmax>4607</xmax>
			<ymax>7752</ymax>
		</bndbox>
	</object>
</annotation>