<annotation>
	<folder>my-project-name</folder>
	<filename>ASCOS-NEO.png</filename>
	<path>/my-project-name/ASCOS-NEO.png</path>
	<source>
		<database>Unspecified</database>
	</source>
	<size>
		<width>6100</width>
		<height>8100</height>
		<depth>3</depth>
	</size>
	<object>
		<name>Crack</name>
		<pose>Unspecified</pose>
		<truncated>0</truncated>
		<difficult>0</difficult>
		<bndbox>
			<xmin>3609</xmin>
			<ymin>4654</ymin>
			<xmax>4138</xmax>
			<ymax>7239</ymax>
		</bndbox>
	</object>
	<object>
		<name>Crack</name>
		<pose>Unspecified</pose>
		<truncated>0</truncated>
		<difficult>0</difficult>
		<bndbox>
			<xmin>209</xmin>
			<ymin>7888</ymin>
			<xmax>844</xmax>
			<ymax>8040</ymax>
		</bndbox>
	</object>
	<object>
		<name>Crack</name>
		<pose>Unspecified</pose>
		<truncated>0</truncated>
		<difficult>0</difficult>
		<bndbox>
			<xmin>4607</xmin>
			<ymin>831</ymin>
			<xmax>4909</xmax>
			<ymax>1526</ymax>
		</bndbox>
	</object>
</annotation>