<annotation>
	<folder>my-project-name</folder>
	<filename>V2C02-NEK.png</filename>
	<path>/my-project-name/V2C02-NEK.png</path>
	<source>
		<database>Unspecified</database>
	</source>
	<size>
		<width>6100</width>
		<height>8100</height>
		<depth>3</depth>
	</size>
	<object>
		<name>Crack</name>
		<pose>Unspecified</pose>
		<truncated>0</truncated>
		<difficult>0</difficult>
		<bndbox>
			<xmin>2446</xmin>
			<ymin>15</ymin>
			<xmax>3156</xmax>
			<ymax>1798</ymax>
		</bndbox>
	</object>
	<object>
		<name>Crack</name>
		<pose>Unspecified</pose>
		<truncated>0</truncated>
		<difficult>0</difficult>
		<bndbox>
			<xmin>2038</xmin>
			<ymin>91</ymin>
			<xmax>2310</xmax>
			<ymax>6135</ymax>
		</bndbox>
	</object>
</annotation>