<annotation>
	<folder>my-project-name</folder>
	<filename>V2C02-NEU.png</filename>
	<path>/my-project-name/V2C02-NEU.png</path>
	<source>
		<database>Unspecified</database>
	</source>
	<size>
		<width>6100</width>
		<height>8100</height>
		<depth>3</depth>
	</size>
	<object>
		<name>Crack</name>
		<pose>Unspecified</pose>
		<truncated>0</truncated>
		<difficult>0</difficult>
		<bndbox>
			<xmin>2838</xmin>
			<ymin>6392</ymin>
			<xmax>3262</xmax>
			<ymax>8085</ymax>
		</bndbox>
	</object>
	<object>
		<name>Crack</name>
		<pose>Unspecified</pose>
		<truncated>0</truncated>
		<difficult>0</difficult>
		<bndbox>
			<xmin>3488</xmin>
			<ymin>1572</ymin>
			<xmax>3957</xmax>
			<ymax>8100</ymax>
		</bndbox>
	</object>
</annotation>