<annotation>
	<folder>my-project-name</folder>
	<filename>VSCOS-V01.png</filename>
	<path>/my-project-name/VSCOS-V01.png</path>
	<source>
		<database>Unspecified</database>
	</source>
	<size>
		<width>6100</width>
		<height>8100</height>
		<depth>3</depth>
	</size>
	<object>
		<name>Crack</name>
		<pose>Unspecified</pose>
		<truncated>0</truncated>
		<difficult>0</difficult>
		<bndbox>
			<xmin>889</xmin>
			<ymin>5425</ymin>
			<xmax>1932</xmax>
			<ymax>8009</ymax>
		</bndbox>
	</object>
</annotation>